{"cameraMode":{"drawMode":0,"name":"Shaded","section":"Shading Mode"},"sceneLighting":false,"audioPlay":false,"sceneViewState":{"m_AlwaysRefresh":false,"showFog":true,"showSkybox":false,"showFlares":true,"showImageEffects":true,"showParticleSystems":true,"showVisualEffectGraphs":true,"m_FxEnabled":true},"in2DMode":false,"pivot":{"x":-0.8717222213745117,"y":-0.07959985733032227,"z":0.9223062992095947},"rotation":{"x":0.18978148698806764,"y":-0.5259866118431091,"z":0.12170752882957459,"w":0.8200737237930298},"size":2.0553247928619386,"orthographic":false}