{"cameraMode":{"drawMode":0,"name":"Shaded","section":"Shading Mode"},"sceneLighting":false,"audioPlay":false,"sceneViewState":{"m_AlwaysRefresh":false,"showFog":true,"showSkybox":false,"showFlares":true,"showImageEffects":true,"showParticleSystems":true,"showVisualEffectGraphs":true,"m_FxEnabled":true},"in2DMode":false,"pivot":{"x":-10.628483772277832,"y":0.46726033091545107,"z":13.104327201843262},"rotation":{"x":0.2164168357849121,"y":-0.7207447290420532,"z":0.2573067247867584,"w":0.6062079668045044},"size":2.1031711101531984,"orthographic":false}