{"cameraMode":{"drawMode":0,"name":"Shaded","section":"Shading Mode"},"sceneLighting":false,"audioPlay":false,"sceneViewState":{"m_AlwaysRefresh":false,"showFog":true,"showSkybox":false,"showFlares":true,"showImageEffects":true,"showParticleSystems":true,"showVisualEffectGraphs":true,"m_FxEnabled":true},"in2DMode":false,"pivot":{"x":-10.397933959960938,"y":0.4399999976158142,"z":9.840044021606446},"rotation":{"x":0.4300636351108551,"y":-0.03384162485599518,"z":0.01613488420844078,"w":0.9020203351974487},"size":1.3449110984802247,"orthographic":false}